file_name,age
train_images/0.jpg,41
train_images/1.jpg,33
train_images/2.jpg,43
train_images/3.jpg,24
train_images/4.jpg,21
train_images/5.jpg,38
train_images/6.jpg,37
train_images/7.jpg,34
train_images/8.jpg,42
train_images/9.jpg,30
train_images/10.jpg,29
train_images/11.jpg,49
train_images/12.jpg,39
train_images/13.jpg,23
train_images/14.jpg,22
train_images/15.jpg,20
train_images/16.jpg,37
train_images/17.jpg,22
train_images/18.jpg,43
train_images/19.jpg,20
train_images/20.jpg,40
train_images/21.jpg,45
train_images/22.jpg,20
train_images/23.jpg,31
train_images/24.jpg,36
train_images/25.jpg,43
train_images/26.jpg,26
train_images/27.jpg,47
train_images/28.jpg,41
train_images/29.jpg,33
train_images/30.jpg,20
train_images/31.jpg,39
train_images/32.jpg,40
train_images/33.jpg,26
train_images/34.jpg,45
train_images/35.jpg,33
train_images/36.jpg,26
train_images/37.jpg,22
train_images/38.jpg,49
train_images/39.jpg,22
train_images/40.jpg,28
train_images/41.jpg,23
train_images/42.jpg,23
train_images/43.jpg,48
train_images/44.jpg,49
train_images/45.jpg,38
train_images/46.jpg,25
train_images/47.jpg,20
train_images/48.jpg,35
train_images/49.jpg,36
train_images/50.jpg,37
train_images/51.jpg,20
train_images/52.jpg,42
train_images/53.jpg,25
train_images/54.jpg,22
train_images/55.jpg,27
train_images/56.jpg,25
train_images/57.jpg,23
train_images/58.jpg,31
train_images/59.jpg,49
train_images/60.jpg,45
train_images/61.jpg,27
train_images/62.jpg,24
train_images/63.jpg,42
train_images/64.jpg,22
train_images/65.jpg,38
train_images/66.jpg,30
train_images/67.jpg,43
train_images/68.jpg,42
train_images/69.jpg,34
train_images/70.jpg,42
train_images/71.jpg,50
train_images/72.jpg,21
train_images/73.jpg,48
train_images/74.jpg,38
train_images/75.jpg,46
train_images/76.jpg,37
train_images/77.jpg,32
train_images/78.jpg,37
train_images/79.jpg,33
train_images/80.jpg,32
train_images/81.jpg,22
train_images/82.jpg,24
train_images/83.jpg,46
train_images/84.jpg,30
train_images/85.jpg,36
train_images/86.jpg,48
train_images/87.jpg,37
train_images/88.jpg,48
train_images/89.jpg,45
train_images/90.jpg,41
train_images/91.jpg,34
train_images/92.jpg,42
train_images/93.jpg,40
train_images/94.jpg,35
train_images/95.jpg,21
train_images/96.jpg,25
train_images/97.jpg,44
train_images/98.jpg,40
train_images/99.jpg,47
train_images/100.jpg,47
train_images/101.jpg,27
train_images/102.jpg,45
train_images/103.jpg,34
train_images/104.jpg,24
train_images/105.jpg,25
train_images/106.jpg,31
train_images/107.jpg,31
train_images/108.jpg,45
train_images/109.jpg,42
train_images/110.jpg,27
train_images/111.jpg,34
train_images/112.jpg,36
train_images/113.jpg,21
train_images/114.jpg,37
train_images/115.jpg,27
train_images/116.jpg,21
train_images/117.jpg,48
train_images/118.jpg,29
train_images/119.jpg,47
train_images/120.jpg,33
train_images/121.jpg,30
train_images/122.jpg,41
train_images/123.jpg,45
train_images/124.jpg,33
train_images/125.jpg,22
train_images/126.jpg,34
train_images/127.jpg,45
train_images/128.jpg,29
train_images/129.jpg,40
train_images/130.jpg,31
train_images/131.jpg,29
train_images/132.jpg,36
train_images/133.jpg,26
train_images/134.jpg,44
train_images/135.jpg,28
train_images/136.jpg,25
train_images/137.jpg,40
train_images/138.jpg,37
train_images/139.jpg,28
train_images/140.jpg,32
train_images/141.jpg,29
train_images/142.jpg,21
train_images/143.jpg,43
train_images/144.jpg,41
train_images/145.jpg,50
train_images/146.jpg,27
train_images/147.jpg,34
train_images/148.jpg,46
train_images/149.jpg,29
train_images/150.jpg,23
train_images/151.jpg,26
train_images/152.jpg,27
train_images/153.jpg,39
train_images/154.jpg,35
train_images/155.jpg,50
train_images/156.jpg,31
train_images/157.jpg,49
train_images/158.jpg,20
train_images/159.jpg,44
train_images/160.jpg,49
train_images/161.jpg,42
train_images/162.jpg,27
train_images/163.jpg,36
train_images/164.jpg,22
train_images/165.jpg,25
train_images/166.jpg,25
train_images/167.jpg,22
train_images/168.jpg,29
train_images/169.jpg,42
train_images/170.jpg,41
train_images/171.jpg,48
train_images/172.jpg,32
train_images/173.jpg,30
train_images/174.jpg,38
train_images/175.jpg,32
train_images/176.jpg,22
train_images/177.jpg,21
train_images/178.jpg,21
train_images/179.jpg,36
train_images/180.jpg,43
train_images/181.jpg,42
train_images/182.jpg,43
train_images/183.jpg,43
train_images/184.jpg,32
train_images/185.jpg,28
train_images/186.jpg,35
train_images/187.jpg,25
train_images/188.jpg,25
train_images/189.jpg,45
train_images/190.jpg,47
train_images/191.jpg,47
train_images/192.jpg,44
train_images/193.jpg,42
train_images/194.jpg,47
train_images/195.jpg,30
train_images/196.jpg,31
train_images/197.jpg,33
train_images/198.jpg,28
train_images/199.jpg,20
train_images/200.jpg,33
train_images/201.jpg,50
train_images/202.jpg,29
train_images/203.jpg,39
train_images/204.jpg,47
train_images/205.jpg,30
train_images/206.jpg,20
train_images/207.jpg,25
train_images/208.jpg,33
train_images/209.jpg,22
train_images/210.jpg,37
train_images/211.jpg,20
train_images/212.jpg,44
train_images/213.jpg,45
train_images/214.jpg,48
train_images/215.jpg,45
train_images/216.jpg,28
train_images/217.jpg,23
train_images/218.jpg,21
train_images/219.jpg,38
train_images/220.jpg,42
train_images/221.jpg,23
train_images/222.jpg,39
train_images/223.jpg,41
train_images/224.jpg,22
train_images/225.jpg,31
train_images/226.jpg,36
train_images/227.jpg,34
train_images/228.jpg,23
train_images/229.jpg,45
train_images/230.jpg,28
train_images/231.jpg,38
train_images/232.jpg,35
train_images/233.jpg,20
train_images/234.jpg,27
train_images/235.jpg,49
train_images/236.jpg,39
train_images/237.jpg,25
train_images/238.jpg,22
train_images/239.jpg,38
train_images/240.jpg,45
train_images/241.jpg,23
train_images/242.jpg,28
train_images/243.jpg,43
train_images/244.jpg,23
train_images/245.jpg,22
train_images/246.jpg,24
train_images/247.jpg,25
train_images/248.jpg,33
train_images/249.jpg,30
train_images/250.jpg,40
train_images/251.jpg,47
train_images/252.jpg,32
train_images/253.jpg,45
train_images/254.jpg,21
train_images/255.jpg,50
train_images/256.jpg,37
train_images/257.jpg,45
train_images/258.jpg,43
train_images/259.jpg,46
train_images/260.jpg,26
train_images/261.jpg,41
train_images/262.jpg,24
train_images/263.jpg,23
train_images/264.jpg,43
train_images/265.jpg,23
train_images/266.jpg,46
train_images/267.jpg,47
train_images/268.jpg,24
train_images/269.jpg,41
train_images/270.jpg,27
train_images/271.jpg,31
train_images/272.jpg,48
train_images/273.jpg,44
train_images/274.jpg,22
train_images/275.jpg,22
train_images/276.jpg,42
train_images/277.jpg,40
train_images/278.jpg,50
train_images/279.jpg,47
train_images/280.jpg,40
train_images/281.jpg,37
train_images/282.jpg,35
train_images/283.jpg,31
train_images/284.jpg,47
train_images/285.jpg,31
train_images/286.jpg,46
train_images/287.jpg,30
train_images/288.jpg,29
train_images/289.jpg,46
train_images/290.jpg,22
train_images/291.jpg,28
train_images/292.jpg,40
train_images/293.jpg,50
train_images/294.jpg,49
train_images/295.jpg,44
train_images/296.jpg,25
train_images/297.jpg,46
train_images/298.jpg,23
train_images/299.jpg,45
train_images/300.jpg,45
train_images/301.jpg,29
train_images/302.jpg,24
train_images/303.jpg,30
train_images/304.jpg,45
train_images/305.jpg,35
train_images/306.jpg,42
train_images/307.jpg,41
train_images/308.jpg,31
train_images/309.jpg,36
train_images/310.jpg,47
train_images/311.jpg,33
train_images/312.jpg,22
train_images/313.jpg,25
train_images/314.jpg,33
train_images/315.jpg,22
train_images/316.jpg,21
train_images/317.jpg,48
train_images/318.jpg,28
train_images/319.jpg,28
train_images/320.jpg,30
train_images/321.jpg,32
train_images/322.jpg,28
train_images/323.jpg,21
train_images/324.jpg,30
train_images/325.jpg,36
train_images/326.jpg,47
train_images/327.jpg,45
train_images/328.jpg,21
train_images/329.jpg,22
train_images/330.jpg,32
train_images/331.jpg,45
train_images/332.jpg,29
train_images/333.jpg,40
train_images/334.jpg,41
train_images/335.jpg,40
train_images/336.jpg,21
train_images/337.jpg,34
train_images/338.jpg,32
train_images/339.jpg,21
train_images/340.jpg,46
train_images/341.jpg,27
train_images/342.jpg,45
train_images/343.jpg,28
train_images/344.jpg,47
train_images/345.jpg,20
train_images/346.jpg,30
train_images/347.jpg,30
train_images/348.jpg,47
train_images/349.jpg,21
train_images/350.jpg,33
train_images/351.jpg,48
train_images/352.jpg,40
train_images/353.jpg,22
train_images/354.jpg,34
train_images/355.jpg,30
train_images/356.jpg,29
train_images/357.jpg,20
train_images/358.jpg,32
train_images/359.jpg,22
train_images/360.jpg,31
train_images/361.jpg,21
train_images/362.jpg,34
train_images/363.jpg,29
train_images/364.jpg,30
train_images/365.jpg,41
train_images/366.jpg,36
train_images/367.jpg,25
train_images/368.jpg,25
train_images/369.jpg,30
train_images/370.jpg,22
train_images/371.jpg,23
train_images/372.jpg,21
train_images/373.jpg,38
train_images/374.jpg,28
train_images/375.jpg,41
train_images/376.jpg,20
train_images/377.jpg,42
train_images/378.jpg,40
train_images/379.jpg,44
train_images/380.jpg,48
train_images/381.jpg,22
train_images/382.jpg,41
train_images/383.jpg,31
train_images/384.jpg,38
train_images/385.jpg,22
train_images/386.jpg,48
train_images/387.jpg,44
train_images/388.jpg,46
train_images/389.jpg,22
train_images/390.jpg,32
train_images/391.jpg,29
train_images/392.jpg,29
train_images/393.jpg,28
train_images/394.jpg,42
train_images/395.jpg,50
train_images/396.jpg,39
train_images/397.jpg,23
train_images/398.jpg,47
train_images/399.jpg,26
train_images/400.jpg,44
train_images/401.jpg,39
train_images/402.jpg,45
train_images/403.jpg,27
train_images/404.jpg,36
train_images/405.jpg,38
train_images/406.jpg,42
train_images/407.jpg,37
train_images/408.jpg,46
train_images/409.jpg,32
train_images/410.jpg,35
train_images/411.jpg,26
train_images/412.jpg,38
train_images/413.jpg,38
train_images/414.jpg,23
train_images/415.jpg,23
train_images/416.jpg,39
train_images/417.jpg,41
train_images/418.jpg,48
train_images/419.jpg,23
train_images/420.jpg,35
train_images/421.jpg,43
train_images/422.jpg,21
train_images/423.jpg,48
train_images/424.jpg,42
train_images/425.jpg,29
train_images/426.jpg,22
train_images/427.jpg,49
train_images/428.jpg,43
train_images/429.jpg,27
train_images/430.jpg,38
train_images/431.jpg,27
train_images/432.jpg,45
train_images/433.jpg,27
train_images/434.jpg,29
train_images/435.jpg,47
train_images/436.jpg,24
train_images/437.jpg,23
train_images/438.jpg,44
train_images/439.jpg,36
train_images/440.jpg,31
train_images/441.jpg,26
train_images/442.jpg,50
train_images/443.jpg,37
train_images/444.jpg,29
train_images/445.jpg,35
train_images/446.jpg,23
train_images/447.jpg,43
train_images/448.jpg,26
train_images/449.jpg,43
train_images/450.jpg,45
train_images/451.jpg,23
train_images/452.jpg,35
train_images/453.jpg,38
train_images/454.jpg,21
train_images/455.jpg,34
train_images/456.jpg,49
train_images/457.jpg,40
train_images/458.jpg,39
train_images/459.jpg,47
train_images/460.jpg,27
train_images/461.jpg,45
train_images/462.jpg,24
train_images/463.jpg,28
train_images/464.jpg,27
train_images/465.jpg,27
train_images/466.jpg,23
train_images/467.jpg,25
train_images/468.jpg,46
train_images/469.jpg,50
train_images/470.jpg,42
train_images/471.jpg,31
train_images/472.jpg,48
train_images/473.jpg,33
train_images/474.jpg,25
train_images/475.jpg,23
train_images/476.jpg,30
train_images/477.jpg,42
train_images/478.jpg,46
train_images/479.jpg,36
train_images/480.jpg,44
train_images/481.jpg,38
train_images/482.jpg,50
train_images/483.jpg,45
train_images/484.jpg,33
train_images/485.jpg,30
train_images/486.jpg,39
train_images/487.jpg,38
train_images/488.jpg,27
train_images/489.jpg,37
train_images/490.jpg,27
train_images/491.jpg,43
train_images/492.jpg,27
train_images/493.jpg,23
train_images/494.jpg,41
train_images/495.jpg,43
train_images/496.jpg,40
train_images/497.jpg,33
train_images/498.jpg,39
train_images/499.jpg,21
train_images/500.jpg,46
train_images/501.jpg,49
train_images/502.jpg,27
train_images/503.jpg,22
train_images/504.jpg,43
train_images/505.jpg,48
train_images/506.jpg,48
train_images/507.jpg,46
train_images/508.jpg,35
train_images/509.jpg,40
train_images/510.jpg,45
train_images/511.jpg,36
train_images/512.jpg,31
train_images/513.jpg,50
train_images/514.jpg,37
train_images/515.jpg,27
train_images/516.jpg,32
train_images/517.jpg,47
train_images/518.jpg,45
train_images/519.jpg,43
train_images/520.jpg,21
train_images/521.jpg,34
train_images/522.jpg,50
train_images/523.jpg,47
train_images/524.jpg,41
train_images/525.jpg,42
train_images/526.jpg,34
train_images/527.jpg,35
train_images/528.jpg,34
train_images/529.jpg,26
train_images/530.jpg,22
train_images/531.jpg,32
train_images/532.jpg,46
train_images/533.jpg,41
train_images/534.jpg,37
train_images/535.jpg,34
train_images/536.jpg,23
train_images/537.jpg,50
train_images/538.jpg,45
train_images/539.jpg,40
train_images/540.jpg,35
train_images/541.jpg,22
train_images/542.jpg,36
train_images/543.jpg,25
train_images/544.jpg,36
train_images/545.jpg,30
train_images/546.jpg,25
train_images/547.jpg,43
train_images/548.jpg,36
train_images/549.jpg,34
train_images/550.jpg,33
train_images/551.jpg,30
train_images/552.jpg,21
train_images/553.jpg,30
train_images/554.jpg,24
train_images/555.jpg,40
train_images/556.jpg,43
train_images/557.jpg,34
train_images/558.jpg,21
train_images/559.jpg,41
train_images/560.jpg,26
train_images/561.jpg,25
train_images/562.jpg,44
train_images/563.jpg,32
train_images/564.jpg,33
train_images/565.jpg,44
train_images/566.jpg,24
train_images/567.jpg,20
train_images/568.jpg,43
train_images/569.jpg,46
train_images/570.jpg,27
train_images/571.jpg,38
train_images/572.jpg,33
train_images/573.jpg,24
train_images/574.jpg,24
train_images/575.jpg,37
train_images/576.jpg,22
train_images/577.jpg,43
train_images/578.jpg,21
train_images/579.jpg,48
train_images/580.jpg,35
train_images/581.jpg,34
train_images/582.jpg,46
train_images/583.jpg,28
train_images/584.jpg,48
train_images/585.jpg,38
train_images/586.jpg,20
train_images/587.jpg,22
train_images/588.jpg,39
train_images/589.jpg,25
train_images/590.jpg,47
train_images/591.jpg,37
train_images/592.jpg,32
train_images/593.jpg,24
train_images/594.jpg,46
train_images/595.jpg,41
train_images/596.jpg,43
train_images/597.jpg,50
train_images/598.jpg,42
train_images/599.jpg,29
train_images/600.jpg,46
train_images/601.jpg,45
train_images/602.jpg,36
train_images/603.jpg,33
train_images/604.jpg,46
train_images/605.jpg,50
train_images/606.jpg,45
train_images/607.jpg,24
train_images/608.jpg,34
train_images/609.jpg,20
train_images/610.jpg,32
train_images/611.jpg,31
train_images/612.jpg,25
train_images/613.jpg,34
train_images/614.jpg,39
train_images/615.jpg,40
train_images/616.jpg,44
train_images/617.jpg,30
train_images/618.jpg,35
train_images/619.jpg,34
train_images/620.jpg,43
train_images/621.jpg,46
train_images/622.jpg,31
train_images/623.jpg,20
train_images/624.jpg,24
train_images/625.jpg,24
train_images/626.jpg,31
train_images/627.jpg,25
train_images/628.jpg,30
train_images/629.jpg,29
train_images/630.jpg,24
train_images/631.jpg,41
train_images/632.jpg,32
train_images/633.jpg,40
train_images/634.jpg,22
train_images/635.jpg,27
train_images/636.jpg,33
train_images/637.jpg,35
train_images/638.jpg,37
train_images/639.jpg,41
train_images/640.jpg,50
train_images/641.jpg,50
train_images/642.jpg,40
train_images/643.jpg,21
train_images/644.jpg,36
train_images/645.jpg,29
train_images/646.jpg,33
train_images/647.jpg,27
train_images/648.jpg,50
train_images/649.jpg,34
train_images/650.jpg,24
train_images/651.jpg,47
train_images/652.jpg,27
train_images/653.jpg,44
train_images/654.jpg,33
train_images/655.jpg,48
train_images/656.jpg,40
train_images/657.jpg,22
train_images/658.jpg,38
train_images/659.jpg,32
train_images/660.jpg,31
train_images/661.jpg,30
train_images/662.jpg,29
train_images/663.jpg,40
train_images/664.jpg,21
train_images/665.jpg,45
train_images/666.jpg,30
train_images/667.jpg,50
train_images/668.jpg,39
train_images/669.jpg,33
train_images/670.jpg,32
train_images/671.jpg,31
train_images/672.jpg,27
train_images/673.jpg,22
train_images/674.jpg,43
train_images/675.jpg,44
train_images/676.jpg,37
train_images/677.jpg,23
train_images/678.jpg,47
train_images/679.jpg,26
train_images/680.jpg,39
train_images/681.jpg,32
train_images/682.jpg,43
train_images/683.jpg,26
train_images/684.jpg,32
train_images/685.jpg,40
train_images/686.jpg,29
train_images/687.jpg,40
train_images/688.jpg,44
train_images/689.jpg,30
train_images/690.jpg,42
train_images/691.jpg,34
train_images/692.jpg,37
train_images/693.jpg,43
train_images/694.jpg,42
train_images/695.jpg,38
train_images/696.jpg,36
train_images/697.jpg,46
train_images/698.jpg,31
train_images/699.jpg,35
train_images/700.jpg,22
train_images/701.jpg,43
train_images/702.jpg,37
train_images/703.jpg,20
train_images/704.jpg,20
train_images/705.jpg,44
train_images/706.jpg,28
train_images/707.jpg,43
train_images/708.jpg,22
train_images/709.jpg,25
train_images/710.jpg,49
train_images/711.jpg,48
train_images/712.jpg,48
train_images/713.jpg,21
train_images/714.jpg,31
train_images/715.jpg,46
train_images/716.jpg,24
train_images/717.jpg,48
train_images/718.jpg,34
train_images/719.jpg,32
train_images/720.jpg,35
train_images/721.jpg,40
train_images/722.jpg,42
train_images/723.jpg,34
train_images/724.jpg,32
train_images/725.jpg,34
train_images/726.jpg,33
train_images/727.jpg,35
train_images/728.jpg,22
train_images/729.jpg,35
train_images/730.jpg,38
train_images/731.jpg,39
train_images/732.jpg,29
train_images/733.jpg,41
train_images/734.jpg,37
train_images/735.jpg,49
train_images/736.jpg,44
train_images/737.jpg,37
train_images/738.jpg,24
train_images/739.jpg,23
train_images/740.jpg,31
train_images/741.jpg,29
train_images/742.jpg,28
train_images/743.jpg,27
train_images/744.jpg,44
train_images/745.jpg,22
train_images/746.jpg,40
train_images/747.jpg,39
train_images/748.jpg,49
train_images/749.jpg,37
train_images/750.jpg,46
train_images/751.jpg,38
train_images/752.jpg,47
train_images/753.jpg,49
train_images/754.jpg,44
train_images/755.jpg,44
train_images/756.jpg,39
train_images/757.jpg,43
train_images/758.jpg,46
train_images/759.jpg,50
train_images/760.jpg,24
train_images/761.jpg,41
train_images/762.jpg,31
train_images/763.jpg,40
train_images/764.jpg,45
train_images/765.jpg,28
train_images/766.jpg,27
train_images/767.jpg,50
train_images/768.jpg,36
train_images/769.jpg,48
train_images/770.jpg,49
train_images/771.jpg,29
train_images/772.jpg,25
train_images/773.jpg,21
train_images/774.jpg,37
train_images/775.jpg,44
train_images/776.jpg,34
train_images/777.jpg,40
train_images/778.jpg,35
train_images/779.jpg,35
train_images/780.jpg,22
train_images/781.jpg,46
train_images/782.jpg,41
train_images/783.jpg,41
train_images/784.jpg,34
train_images/785.jpg,34
train_images/786.jpg,20
train_images/787.jpg,48
train_images/788.jpg,31
train_images/789.jpg,22
train_images/790.jpg,40
train_images/791.jpg,40
train_images/792.jpg,47
train_images/793.jpg,36
train_images/794.jpg,24
train_images/795.jpg,49
train_images/796.jpg,24
train_images/797.jpg,23
train_images/798.jpg,32
train_images/799.jpg,30
train_images/800.jpg,38
train_images/801.jpg,47
train_images/802.jpg,21
train_images/803.jpg,38
train_images/804.jpg,39
train_images/805.jpg,23
train_images/806.jpg,50
train_images/807.jpg,38
train_images/808.jpg,47
train_images/809.jpg,49
train_images/810.jpg,42
train_images/811.jpg,36
train_images/812.jpg,47
train_images/813.jpg,38
train_images/814.jpg,34
train_images/815.jpg,33
train_images/816.jpg,38
train_images/817.jpg,28
train_images/818.jpg,45
train_images/819.jpg,30
train_images/820.jpg,23
train_images/821.jpg,29
train_images/822.jpg,21
train_images/823.jpg,25
train_images/824.jpg,33
train_images/825.jpg,20
train_images/826.jpg,48
train_images/827.jpg,26
train_images/828.jpg,31
train_images/829.jpg,50
train_images/830.jpg,25
train_images/831.jpg,27
train_images/832.jpg,41
train_images/833.jpg,41
train_images/834.jpg,21
train_images/835.jpg,41
train_images/836.jpg,40
train_images/837.jpg,50
train_images/838.jpg,20
train_images/839.jpg,20
train_images/840.jpg,26
train_images/841.jpg,38
train_images/842.jpg,46
train_images/843.jpg,49
train_images/844.jpg,33
train_images/845.jpg,22
train_images/846.jpg,35
train_images/847.jpg,33
train_images/848.jpg,37
train_images/849.jpg,34
train_images/850.jpg,29
train_images/851.jpg,28
train_images/852.jpg,41
train_images/853.jpg,39
train_images/854.jpg,36
train_images/855.jpg,40
train_images/856.jpg,20
train_images/857.jpg,31
train_images/858.jpg,30
train_images/859.jpg,48
train_images/860.jpg,42
train_images/861.jpg,44
train_images/862.jpg,27
train_images/863.jpg,43
train_images/864.jpg,41
train_images/865.jpg,45
train_images/866.jpg,25
train_images/867.jpg,27
train_images/868.jpg,29
train_images/869.jpg,40
train_images/870.jpg,48
train_images/871.jpg,26
train_images/872.jpg,26
train_images/873.jpg,28
train_images/874.jpg,36
train_images/875.jpg,22
train_images/876.jpg,50
train_images/877.jpg,35
train_images/878.jpg,21
train_images/879.jpg,36
train_images/880.jpg,40
train_images/881.jpg,29
train_images/882.jpg,25
train_images/883.jpg,28
train_images/884.jpg,22
train_images/885.jpg,47
train_images/886.jpg,21
train_images/887.jpg,24
train_images/888.jpg,32
train_images/889.jpg,33
train_images/890.jpg,22
train_images/891.jpg,43
train_images/892.jpg,39
train_images/893.jpg,31
train_images/894.jpg,45
train_images/895.jpg,42
train_images/896.jpg,38
train_images/897.jpg,27
train_images/898.jpg,24
train_images/899.jpg,29
train_images/900.jpg,47
train_images/901.jpg,26
train_images/902.jpg,30
train_images/903.jpg,47
train_images/904.jpg,30
train_images/905.jpg,42
train_images/906.jpg,22
train_images/907.jpg,21
train_images/908.jpg,33
train_images/909.jpg,43
train_images/910.jpg,35
train_images/911.jpg,47
train_images/912.jpg,35
train_images/913.jpg,26
train_images/914.jpg,30
train_images/915.jpg,49
train_images/916.jpg,44
train_images/917.jpg,49
train_images/918.jpg,40
train_images/919.jpg,42
train_images/920.jpg,37
train_images/921.jpg,36
train_images/922.jpg,23
train_images/923.jpg,28
train_images/924.jpg,48
train_images/925.jpg,44
train_images/926.jpg,29
train_images/927.jpg,30
train_images/928.jpg,40
train_images/929.jpg,32
train_images/930.jpg,32
train_images/931.jpg,46
train_images/932.jpg,48
train_images/933.jpg,31
train_images/934.jpg,40
train_images/935.jpg,44
train_images/936.jpg,33
train_images/937.jpg,21
train_images/938.jpg,37
train_images/939.jpg,34
train_images/940.jpg,24
train_images/941.jpg,48
train_images/942.jpg,32
train_images/943.jpg,23
train_images/944.jpg,41
train_images/945.jpg,28
train_images/946.jpg,27
train_images/947.jpg,45
train_images/948.jpg,35
train_images/949.jpg,33
train_images/950.jpg,32
train_images/951.jpg,46
train_images/952.jpg,32
train_images/953.jpg,29
train_images/954.jpg,47
train_images/955.jpg,28
train_images/956.jpg,31
train_images/957.jpg,27
train_images/958.jpg,36
train_images/959.jpg,20
train_images/960.jpg,24
train_images/961.jpg,48
train_images/962.jpg,26
train_images/963.jpg,30
train_images/964.jpg,25
train_images/965.jpg,28
train_images/966.jpg,27
train_images/967.jpg,31
train_images/968.jpg,39
train_images/969.jpg,43
train_images/970.jpg,31
train_images/971.jpg,43
train_images/972.jpg,38
train_images/973.jpg,38
train_images/974.jpg,45
train_images/975.jpg,37
train_images/976.jpg,35
train_images/977.jpg,47
train_images/978.jpg,33
train_images/979.jpg,25
train_images/980.jpg,40
train_images/981.jpg,42
train_images/982.jpg,21
train_images/983.jpg,20
train_images/984.jpg,43
train_images/985.jpg,22
train_images/986.jpg,31
train_images/987.jpg,49
train_images/988.jpg,24
train_images/989.jpg,35
train_images/990.jpg,31
train_images/991.jpg,33
train_images/992.jpg,50
train_images/993.jpg,31
train_images/994.jpg,26
train_images/995.jpg,47
train_images/996.jpg,38
train_images/997.jpg,31
train_images/998.jpg,47
train_images/999.jpg,29
train_images/1000.jpg,37
train_images/1001.jpg,37
train_images/1002.jpg,37
train_images/1003.jpg,32
train_images/1004.jpg,34
train_images/1005.jpg,42
train_images/1006.jpg,44
train_images/1007.jpg,22
train_images/1008.jpg,29
train_images/1009.jpg,48
train_images/1010.jpg,21
train_images/1011.jpg,33
train_images/1012.jpg,41
train_images/1013.jpg,34
train_images/1014.jpg,39
train_images/1015.jpg,36
train_images/1016.jpg,46
train_images/1017.jpg,30
train_images/1018.jpg,41
train_images/1019.jpg,47
train_images/1020.jpg,29
train_images/1021.jpg,28
train_images/1022.jpg,41
train_images/1023.jpg,37
train_images/1024.jpg,41
train_images/1025.jpg,20
train_images/1026.jpg,25
train_images/1027.jpg,33
train_images/1028.jpg,39
train_images/1029.jpg,42
train_images/1030.jpg,35
train_images/1031.jpg,46
train_images/1032.jpg,38
train_images/1033.jpg,35
train_images/1034.jpg,36
train_images/1035.jpg,46
train_images/1036.jpg,40
train_images/1037.jpg,44
train_images/1038.jpg,21
train_images/1039.jpg,47
train_images/1040.jpg,20
train_images/1041.jpg,27
train_images/1042.jpg,45
train_images/1043.jpg,44
train_images/1044.jpg,39
train_images/1045.jpg,25
train_images/1046.jpg,27
train_images/1047.jpg,28
train_images/1048.jpg,26
train_images/1049.jpg,35
train_images/1050.jpg,23
train_images/1051.jpg,21
train_images/1052.jpg,38
train_images/1053.jpg,50
train_images/1054.jpg,20
train_images/1055.jpg,29
train_images/1056.jpg,44
train_images/1057.jpg,32
train_images/1058.jpg,34
train_images/1059.jpg,37
train_images/1060.jpg,47
train_images/1061.jpg,32
train_images/1062.jpg,26
train_images/1063.jpg,31
train_images/1064.jpg,39
train_images/1065.jpg,27
train_images/1066.jpg,50
train_images/1067.jpg,20
train_images/1068.jpg,25
train_images/1069.jpg,28
train_images/1070.jpg,23
train_images/1071.jpg,38
train_images/1072.jpg,40
train_images/1073.jpg,29
train_images/1074.jpg,29
train_images/1075.jpg,47
train_images/1076.jpg,27
train_images/1077.jpg,26
train_images/1078.jpg,28
train_images/1079.jpg,37
train_images/1080.jpg,26
train_images/1081.jpg,33
train_images/1082.jpg,46
train_images/1083.jpg,44
train_images/1084.jpg,24
train_images/1085.jpg,46
train_images/1086.jpg,44
train_images/1087.jpg,21
train_images/1088.jpg,28
train_images/1089.jpg,35
train_images/1090.jpg,40
train_images/1091.jpg,37
train_images/1092.jpg,47
train_images/1093.jpg,32
train_images/1094.jpg,31
train_images/1095.jpg,46
train_images/1096.jpg,27
train_images/1097.jpg,21
train_images/1098.jpg,23
train_images/1099.jpg,38
train_images/1100.jpg,25
train_images/1101.jpg,48
train_images/1102.jpg,28
train_images/1103.jpg,49
train_images/1104.jpg,47
train_images/1105.jpg,46
train_images/1106.jpg,49
train_images/1107.jpg,48
train_images/1108.jpg,25
train_images/1109.jpg,27
train_images/1110.jpg,41
train_images/1111.jpg,30
train_images/1112.jpg,32
train_images/1113.jpg,35
train_images/1114.jpg,33
train_images/1115.jpg,39
train_images/1116.jpg,41
train_images/1117.jpg,45
train_images/1118.jpg,24
train_images/1119.jpg,22
train_images/1120.jpg,48
train_images/1121.jpg,31
train_images/1122.jpg,41
train_images/1123.jpg,46
train_images/1124.jpg,41
train_images/1125.jpg,50
train_images/1126.jpg,45
train_images/1127.jpg,34
train_images/1128.jpg,22
train_images/1129.jpg,39
train_images/1130.jpg,32
train_images/1131.jpg,31
train_images/1132.jpg,22
train_images/1133.jpg,47
train_images/1134.jpg,36
train_images/1135.jpg,35
train_images/1136.jpg,24
train_images/1137.jpg,33
train_images/1138.jpg,46
train_images/1139.jpg,29
train_images/1140.jpg,22
train_images/1141.jpg,22
train_images/1142.jpg,47
train_images/1143.jpg,50
train_images/1144.jpg,44
train_images/1145.jpg,48
train_images/1146.jpg,26
train_images/1147.jpg,48
train_images/1148.jpg,48
train_images/1149.jpg,43
train_images/1150.jpg,40
train_images/1151.jpg,45
train_images/1152.jpg,23
train_images/1153.jpg,50
train_images/1154.jpg,44
train_images/1155.jpg,48
train_images/1156.jpg,46
train_images/1157.jpg,48
train_images/1158.jpg,43
train_images/1159.jpg,21
train_images/1160.jpg,23
train_images/1161.jpg,48
train_images/1162.jpg,29
train_images/1163.jpg,23
train_images/1164.jpg,21
train_images/1165.jpg,37
train_images/1166.jpg,22
train_images/1167.jpg,43
train_images/1168.jpg,30
train_images/1169.jpg,32
train_images/1170.jpg,34
train_images/1171.jpg,41
train_images/1172.jpg,22
train_images/1173.jpg,31
train_images/1174.jpg,34
train_images/1175.jpg,38
train_images/1176.jpg,28
train_images/1177.jpg,46
train_images/1178.jpg,35
train_images/1179.jpg,49
train_images/1180.jpg,28
train_images/1181.jpg,34
train_images/1182.jpg,41
train_images/1183.jpg,34
train_images/1184.jpg,27
train_images/1185.jpg,49
train_images/1186.jpg,48
train_images/1187.jpg,47
train_images/1188.jpg,46
train_images/1189.jpg,41
train_images/1190.jpg,35
train_images/1191.jpg,21
train_images/1192.jpg,40
train_images/1193.jpg,34
train_images/1194.jpg,25
train_images/1195.jpg,24
train_images/1196.jpg,35
train_images/1197.jpg,36
train_images/1198.jpg,35
train_images/1199.jpg,46
train_images/1200.jpg,36
train_images/1201.jpg,20
train_images/1202.jpg,24
train_images/1203.jpg,42
train_images/1204.jpg,21
train_images/1205.jpg,44
train_images/1206.jpg,40
train_images/1207.jpg,29
train_images/1208.jpg,38
train_images/1209.jpg,40
train_images/1210.jpg,26
train_images/1211.jpg,29
train_images/1212.jpg,39
train_images/1213.jpg,42
train_images/1214.jpg,45
train_images/1215.jpg,33
train_images/1216.jpg,30
train_images/1217.jpg,33
train_images/1218.jpg,24
train_images/1219.jpg,34
train_images/1220.jpg,23
train_images/1221.jpg,29
train_images/1222.jpg,35
train_images/1223.jpg,34
train_images/1224.jpg,20
train_images/1225.jpg,26
train_images/1226.jpg,31
train_images/1227.jpg,23
train_images/1228.jpg,35
train_images/1229.jpg,25
train_images/1230.jpg,41
train_images/1231.jpg,20
train_images/1232.jpg,23
train_images/1233.jpg,36
train_images/1234.jpg,33
train_images/1235.jpg,47
train_images/1236.jpg,20
train_images/1237.jpg,38
train_images/1238.jpg,40
train_images/1239.jpg,25
train_images/1240.jpg,41
train_images/1241.jpg,22
train_images/1242.jpg,20
train_images/1243.jpg,31
train_images/1244.jpg,47
train_images/1245.jpg,43
train_images/1246.jpg,40
train_images/1247.jpg,21
train_images/1248.jpg,26
train_images/1249.jpg,36
train_images/1250.jpg,38
train_images/1251.jpg,49
train_images/1252.jpg,48
train_images/1253.jpg,50
train_images/1254.jpg,22
train_images/1255.jpg,22
train_images/1256.jpg,41
train_images/1257.jpg,37
train_images/1258.jpg,42
train_images/1259.jpg,43
train_images/1260.jpg,31
train_images/1261.jpg,35
train_images/1262.jpg,22
train_images/1263.jpg,41
train_images/1264.jpg,32
train_images/1265.jpg,35
train_images/1266.jpg,26
train_images/1267.jpg,44
train_images/1268.jpg,27
train_images/1269.jpg,23
train_images/1270.jpg,36
train_images/1271.jpg,28
train_images/1272.jpg,30
train_images/1273.jpg,47
train_images/1274.jpg,41
train_images/1275.jpg,23
train_images/1276.jpg,32
train_images/1277.jpg,33
train_images/1278.jpg,20
train_images/1279.jpg,34
train_images/1280.jpg,47
train_images/1281.jpg,44
train_images/1282.jpg,34
train_images/1283.jpg,31
train_images/1284.jpg,45
train_images/1285.jpg,25
train_images/1286.jpg,37
train_images/1287.jpg,34
train_images/1288.jpg,27
train_images/1289.jpg,37
train_images/1290.jpg,26
train_images/1291.jpg,42
train_images/1292.jpg,45
train_images/1293.jpg,47
train_images/1294.jpg,37
train_images/1295.jpg,25
train_images/1296.jpg,23
train_images/1297.jpg,30
train_images/1298.jpg,45
train_images/1299.jpg,23
train_images/1300.jpg,47
train_images/1301.jpg,48
train_images/1302.jpg,37
train_images/1303.jpg,37
train_images/1304.jpg,38
train_images/1305.jpg,41
train_images/1306.jpg,21
train_images/1307.jpg,29
train_images/1308.jpg,39
train_images/1309.jpg,45
train_images/1310.jpg,40
train_images/1311.jpg,22
train_images/1312.jpg,34
train_images/1313.jpg,26
train_images/1314.jpg,44
train_images/1315.jpg,20
train_images/1316.jpg,38
train_images/1317.jpg,36
train_images/1318.jpg,35
train_images/1319.jpg,48
train_images/1320.jpg,42
train_images/1321.jpg,33
train_images/1322.jpg,46
train_images/1323.jpg,40
train_images/1324.jpg,45
train_images/1325.jpg,49
train_images/1326.jpg,21
train_images/1327.jpg,30
train_images/1328.jpg,31
train_images/1329.jpg,25
train_images/1330.jpg,29
train_images/1331.jpg,31
train_images/1332.jpg,40
train_images/1333.jpg,49
train_images/1334.jpg,47
train_images/1335.jpg,30
train_images/1336.jpg,24
train_images/1337.jpg,48
train_images/1338.jpg,22
train_images/1339.jpg,48
train_images/1340.jpg,24
train_images/1341.jpg,46
train_images/1342.jpg,37
train_images/1343.jpg,44
train_images/1344.jpg,30
train_images/1345.jpg,47
train_images/1346.jpg,26
train_images/1347.jpg,44
train_images/1348.jpg,41
train_images/1349.jpg,47
train_images/1350.jpg,35
train_images/1351.jpg,48
train_images/1352.jpg,47
train_images/1353.jpg,27
train_images/1354.jpg,26
train_images/1355.jpg,26
train_images/1356.jpg,39
train_images/1357.jpg,46
train_images/1358.jpg,44
train_images/1359.jpg,45
train_images/1360.jpg,32
train_images/1361.jpg,50
train_images/1362.jpg,39
train_images/1363.jpg,26
train_images/1364.jpg,46
train_images/1365.jpg,28
train_images/1366.jpg,34
train_images/1367.jpg,21
train_images/1368.jpg,26
train_images/1369.jpg,43
train_images/1370.jpg,30
train_images/1371.jpg,46
train_images/1372.jpg,26
train_images/1373.jpg,30
train_images/1374.jpg,22
train_images/1375.jpg,29
train_images/1376.jpg,30
train_images/1377.jpg,41
train_images/1378.jpg,45
train_images/1379.jpg,36
train_images/1380.jpg,34
train_images/1381.jpg,25
train_images/1382.jpg,29
train_images/1383.jpg,50
train_images/1384.jpg,36
train_images/1385.jpg,21
train_images/1386.jpg,26
train_images/1387.jpg,29
train_images/1388.jpg,48
train_images/1389.jpg,42
train_images/1390.jpg,30
train_images/1391.jpg,32
train_images/1392.jpg,46
train_images/1393.jpg,41
train_images/1394.jpg,37
train_images/1395.jpg,26
train_images/1396.jpg,25
train_images/1397.jpg,25
train_images/1398.jpg,35
train_images/1399.jpg,31
train_images/1400.jpg,29
train_images/1401.jpg,25
train_images/1402.jpg,28
train_images/1403.jpg,22
train_images/1404.jpg,29
train_images/1405.jpg,41
train_images/1406.jpg,31
train_images/1407.jpg,32
train_images/1408.jpg,35
train_images/1409.jpg,26
train_images/1410.jpg,35
train_images/1411.jpg,30
train_images/1412.jpg,24
train_images/1413.jpg,50
train_images/1414.jpg,48
train_images/1415.jpg,44
train_images/1416.jpg,49
train_images/1417.jpg,34
train_images/1418.jpg,30
train_images/1419.jpg,41
train_images/1420.jpg,45
train_images/1421.jpg,26
train_images/1422.jpg,28
train_images/1423.jpg,42
train_images/1424.jpg,20
train_images/1425.jpg,29
train_images/1426.jpg,42
train_images/1427.jpg,21
train_images/1428.jpg,26
train_images/1429.jpg,40
train_images/1430.jpg,48
train_images/1431.jpg,44
train_images/1432.jpg,24
train_images/1433.jpg,28
train_images/1434.jpg,41
train_images/1435.jpg,29
train_images/1436.jpg,35
train_images/1437.jpg,31
train_images/1438.jpg,34
train_images/1439.jpg,46
train_images/1440.jpg,50
train_images/1441.jpg,33
train_images/1442.jpg,29
train_images/1443.jpg,34
train_images/1444.jpg,47
train_images/1445.jpg,21
train_images/1446.jpg,21
train_images/1447.jpg,30
train_images/1448.jpg,31
train_images/1449.jpg,30
train_images/1450.jpg,37
train_images/1451.jpg,31
train_images/1452.jpg,36
train_images/1453.jpg,43
train_images/1454.jpg,29
train_images/1455.jpg,48
train_images/1456.jpg,20
train_images/1457.jpg,26
train_images/1458.jpg,36
train_images/1459.jpg,29
train_images/1460.jpg,24
train_images/1461.jpg,35
train_images/1462.jpg,41
train_images/1463.jpg,50
train_images/1464.jpg,22
train_images/1465.jpg,38
train_images/1466.jpg,24
train_images/1467.jpg,31
train_images/1468.jpg,22
train_images/1469.jpg,45
train_images/1470.jpg,24
train_images/1471.jpg,22
train_images/1472.jpg,33
train_images/1473.jpg,21
train_images/1474.jpg,26
train_images/1475.jpg,34
train_images/1476.jpg,36
train_images/1477.jpg,33
train_images/1478.jpg,25
train_images/1479.jpg,27
train_images/1480.jpg,41
train_images/1481.jpg,30
train_images/1482.jpg,32
train_images/1483.jpg,27
train_images/1484.jpg,23
train_images/1485.jpg,29
train_images/1486.jpg,47
train_images/1487.jpg,22
train_images/1488.jpg,41
train_images/1489.jpg,22
train_images/1490.jpg,35
train_images/1491.jpg,29
train_images/1492.jpg,39
train_images/1493.jpg,27
train_images/1494.jpg,39
train_images/1495.jpg,35
train_images/1496.jpg,36
train_images/1497.jpg,42
train_images/1498.jpg,42
train_images/1499.jpg,28
train_images/1500.jpg,20
train_images/1501.jpg,27
train_images/1502.jpg,21
train_images/1503.jpg,31
train_images/1504.jpg,20
train_images/1505.jpg,49
train_images/1506.jpg,46
train_images/1507.jpg,35
train_images/1508.jpg,21
train_images/1509.jpg,29
train_images/1510.jpg,48
train_images/1511.jpg,26
train_images/1512.jpg,44
train_images/1513.jpg,30
train_images/1514.jpg,39
train_images/1515.jpg,45
train_images/1516.jpg,43
train_images/1517.jpg,42
train_images/1518.jpg,20
train_images/1519.jpg,33
train_images/1520.jpg,42
train_images/1521.jpg,44
train_images/1522.jpg,35
train_images/1523.jpg,25
train_images/1524.jpg,21
train_images/1525.jpg,43
train_images/1526.jpg,41
train_images/1527.jpg,33
train_images/1528.jpg,32
train_images/1529.jpg,31
train_images/1530.jpg,44
train_images/1531.jpg,46
train_images/1532.jpg,48
train_images/1533.jpg,38
train_images/1534.jpg,42
train_images/1535.jpg,31
train_images/1536.jpg,43
train_images/1537.jpg,20
train_images/1538.jpg,44
train_images/1539.jpg,24
train_images/1540.jpg,37
train_images/1541.jpg,48
train_images/1542.jpg,40
train_images/1543.jpg,32
train_images/1544.jpg,44
train_images/1545.jpg,28
train_images/1546.jpg,28
train_images/1547.jpg,30
train_images/1548.jpg,48
train_images/1549.jpg,23
train_images/1550.jpg,25
train_images/1551.jpg,34
train_images/1552.jpg,33
train_images/1553.jpg,37
train_images/1554.jpg,46
train_images/1555.jpg,30
train_images/1556.jpg,39
train_images/1557.jpg,38
train_images/1558.jpg,46
train_images/1559.jpg,45
train_images/1560.jpg,46
train_images/1561.jpg,34
train_images/1562.jpg,45
train_images/1563.jpg,48
train_images/1564.jpg,41
train_images/1565.jpg,34
train_images/1566.jpg,49
train_images/1567.jpg,29
train_images/1568.jpg,40
train_images/1569.jpg,50
train_images/1570.jpg,42
train_images/1571.jpg,50
train_images/1572.jpg,41
train_images/1573.jpg,33
train_images/1574.jpg,38
train_images/1575.jpg,28
train_images/1576.jpg,44
train_images/1577.jpg,37
train_images/1578.jpg,29
train_images/1579.jpg,27
train_images/1580.jpg,49
train_images/1581.jpg,22
train_images/1582.jpg,45
train_images/1583.jpg,32
train_images/1584.jpg,35
train_images/1585.jpg,41
train_images/1586.jpg,22
train_images/1587.jpg,34
train_images/1588.jpg,45
train_images/1589.jpg,24
train_images/1590.jpg,49
train_images/1591.jpg,34
train_images/1592.jpg,27
train_images/1593.jpg,32
train_images/1594.jpg,41
train_images/1595.jpg,39
train_images/1596.jpg,43
train_images/1597.jpg,23
train_images/1598.jpg,41
train_images/1599.jpg,21
train_images/1600.jpg,45
train_images/1601.jpg,47
train_images/1602.jpg,31
train_images/1603.jpg,31
train_images/1604.jpg,29
train_images/1605.jpg,25
train_images/1606.jpg,22
train_images/1607.jpg,34
train_images/1608.jpg,24
train_images/1609.jpg,42
train_images/1610.jpg,26
train_images/1611.jpg,36
train_images/1612.jpg,45
train_images/1613.jpg,36
train_images/1614.jpg,24
train_images/1615.jpg,34
train_images/1616.jpg,36
train_images/1617.jpg,38
train_images/1618.jpg,31
train_images/1619.jpg,45
train_images/1620.jpg,49
train_images/1621.jpg,29
train_images/1622.jpg,27
train_images/1623.jpg,37
train_images/1624.jpg,45
train_images/1625.jpg,34
train_images/1626.jpg,46
train_images/1627.jpg,32
train_images/1628.jpg,24
train_images/1629.jpg,24
train_images/1630.jpg,39
train_images/1631.jpg,46
train_images/1632.jpg,45
train_images/1633.jpg,34
train_images/1634.jpg,41
train_images/1635.jpg,39
train_images/1636.jpg,38
train_images/1637.jpg,47
train_images/1638.jpg,25
train_images/1639.jpg,28
train_images/1640.jpg,38
train_images/1641.jpg,32
train_images/1642.jpg,34
train_images/1643.jpg,36
train_images/1644.jpg,44
train_images/1645.jpg,24
train_images/1646.jpg,31
train_images/1647.jpg,44
train_images/1648.jpg,31
train_images/1649.jpg,32
train_images/1650.jpg,39
train_images/1651.jpg,38
train_images/1652.jpg,43
train_images/1653.jpg,25
train_images/1654.jpg,27
train_images/1655.jpg,32
train_images/1656.jpg,46
train_images/1657.jpg,38
train_images/1658.jpg,50
train_images/1659.jpg,27
train_images/1660.jpg,44
train_images/1661.jpg,28
train_images/1662.jpg,41
train_images/1663.jpg,32
train_images/1664.jpg,23
train_images/1665.jpg,46
train_images/1666.jpg,27
train_images/1667.jpg,38
train_images/1668.jpg,41
train_images/1669.jpg,24
train_images/1670.jpg,32
train_images/1671.jpg,40
train_images/1672.jpg,21
train_images/1673.jpg,35
train_images/1674.jpg,23
train_images/1675.jpg,21
train_images/1676.jpg,39
train_images/1677.jpg,36
train_images/1678.jpg,26
train_images/1679.jpg,48
train_images/1680.jpg,21
train_images/1681.jpg,23
train_images/1682.jpg,44
train_images/1683.jpg,36
train_images/1684.jpg,21
train_images/1685.jpg,32
train_images/1686.jpg,22
train_images/1687.jpg,44
train_images/1688.jpg,20
train_images/1689.jpg,20
train_images/1690.jpg,41
train_images/1691.jpg,23
train_images/1692.jpg,20
train_images/1693.jpg,44
train_images/1694.jpg,47
train_images/1695.jpg,47
train_images/1696.jpg,38
train_images/1697.jpg,20
train_images/1698.jpg,29
train_images/1699.jpg,46
train_images/1700.jpg,42
train_images/1701.jpg,36
train_images/1702.jpg,32
train_images/1703.jpg,34
train_images/1704.jpg,46
train_images/1705.jpg,27
train_images/1706.jpg,50
train_images/1707.jpg,42
train_images/1708.jpg,22
train_images/1709.jpg,36
train_images/1710.jpg,38
train_images/1711.jpg,24
train_images/1712.jpg,46
train_images/1713.jpg,22
train_images/1714.jpg,42
train_images/1715.jpg,46
train_images/1716.jpg,22
train_images/1717.jpg,34
train_images/1718.jpg,25
train_images/1719.jpg,32
train_images/1720.jpg,34
train_images/1721.jpg,38
train_images/1722.jpg,30
train_images/1723.jpg,40
train_images/1724.jpg,45
train_images/1725.jpg,25
train_images/1726.jpg,23
train_images/1727.jpg,48
train_images/1728.jpg,31
train_images/1729.jpg,20
train_images/1730.jpg,44
train_images/1731.jpg,41
train_images/1732.jpg,44
train_images/1733.jpg,31
train_images/1734.jpg,49
train_images/1735.jpg,23
train_images/1736.jpg,34
train_images/1737.jpg,20
train_images/1738.jpg,49
train_images/1739.jpg,47
train_images/1740.jpg,26
train_images/1741.jpg,28
train_images/1742.jpg,38
train_images/1743.jpg,48
train_images/1744.jpg,22
train_images/1745.jpg,41
train_images/1746.jpg,44
train_images/1747.jpg,46
train_images/1748.jpg,50
train_images/1749.jpg,28
train_images/1750.jpg,35
train_images/1751.jpg,37
train_images/1752.jpg,40
train_images/1753.jpg,45
train_images/1754.jpg,28
train_images/1755.jpg,47
train_images/1756.jpg,33
train_images/1757.jpg,22
train_images/1758.jpg,50
train_images/1759.jpg,49
train_images/1760.jpg,49
train_images/1761.jpg,22
train_images/1762.jpg,47
train_images/1763.jpg,43
train_images/1764.jpg,34
train_images/1765.jpg,21
train_images/1766.jpg,45
train_images/1767.jpg,24
train_images/1768.jpg,32
train_images/1769.jpg,25
train_images/1770.jpg,24
train_images/1771.jpg,24
train_images/1772.jpg,22
train_images/1773.jpg,43
train_images/1774.jpg,41
train_images/1775.jpg,27
train_images/1776.jpg,47
train_images/1777.jpg,35
train_images/1778.jpg,41
train_images/1779.jpg,35
train_images/1780.jpg,45
train_images/1781.jpg,22
train_images/1782.jpg,36
train_images/1783.jpg,33
train_images/1784.jpg,45
train_images/1785.jpg,39
train_images/1786.jpg,34
train_images/1787.jpg,39
train_images/1788.jpg,43
train_images/1789.jpg,48
train_images/1790.jpg,27
train_images/1791.jpg,33
train_images/1792.jpg,26
train_images/1793.jpg,33
train_images/1794.jpg,38
train_images/1795.jpg,31
train_images/1796.jpg,24
train_images/1797.jpg,28
train_images/1798.jpg,20
train_images/1799.jpg,40
train_images/1800.jpg,50
train_images/1801.jpg,50
train_images/1802.jpg,29
train_images/1803.jpg,39
train_images/1804.jpg,21
train_images/1805.jpg,20
train_images/1806.jpg,40
train_images/1807.jpg,27
train_images/1808.jpg,41
train_images/1809.jpg,23
train_images/1810.jpg,29
train_images/1811.jpg,40
train_images/1812.jpg,36
train_images/1813.jpg,29
train_images/1814.jpg,29
train_images/1815.jpg,49
train_images/1816.jpg,27
train_images/1817.jpg,24
train_images/1818.jpg,33
train_images/1819.jpg,30
train_images/1820.jpg,31
train_images/1821.jpg,44
train_images/1822.jpg,48
train_images/1823.jpg,24
train_images/1824.jpg,26
train_images/1825.jpg,35
train_images/1826.jpg,41
train_images/1827.jpg,25
train_images/1828.jpg,37
train_images/1829.jpg,35
train_images/1830.jpg,30
train_images/1831.jpg,47
train_images/1832.jpg,30
train_images/1833.jpg,27
train_images/1834.jpg,28
train_images/1835.jpg,30
train_images/1836.jpg,44
train_images/1837.jpg,30
train_images/1838.jpg,28
train_images/1839.jpg,33
train_images/1840.jpg,29
train_images/1841.jpg,20
train_images/1842.jpg,49
train_images/1843.jpg,22
train_images/1844.jpg,43
train_images/1845.jpg,30
train_images/1846.jpg,21
train_images/1847.jpg,34
train_images/1848.jpg,41
train_images/1849.jpg,37
train_images/1850.jpg,34
train_images/1851.jpg,33
train_images/1852.jpg,49
train_images/1853.jpg,45
train_images/1854.jpg,50
train_images/1855.jpg,25
train_images/1856.jpg,33
train_images/1857.jpg,41
train_images/1858.jpg,23
train_images/1859.jpg,21
train_images/1860.jpg,28
train_images/1861.jpg,49
train_images/1862.jpg,30
train_images/1863.jpg,31
train_images/1864.jpg,43
train_images/1865.jpg,44
train_images/1866.jpg,49
train_images/1867.jpg,38
train_images/1868.jpg,48
train_images/1869.jpg,22
train_images/1870.jpg,47
train_images/1871.jpg,33
train_images/1872.jpg,21
train_images/1873.jpg,41
train_images/1874.jpg,48
train_images/1875.jpg,50
train_images/1876.jpg,32
train_images/1877.jpg,36
train_images/1878.jpg,47
train_images/1879.jpg,33
train_images/1880.jpg,45
train_images/1881.jpg,29
train_images/1882.jpg,28
train_images/1883.jpg,35
train_images/1884.jpg,22
train_images/1885.jpg,42
train_images/1886.jpg,41
train_images/1887.jpg,42
train_images/1888.jpg,30
train_images/1889.jpg,23
train_images/1890.jpg,41
train_images/1891.jpg,25
train_images/1892.jpg,32
train_images/1893.jpg,26
train_images/1894.jpg,35
train_images/1895.jpg,41
train_images/1896.jpg,25
train_images/1897.jpg,22
train_images/1898.jpg,29
train_images/1899.jpg,39
train_images/1900.jpg,31
train_images/1901.jpg,50
train_images/1902.jpg,45
train_images/1903.jpg,26
train_images/1904.jpg,43
train_images/1905.jpg,39
train_images/1906.jpg,24
train_images/1907.jpg,33
train_images/1908.jpg,21
train_images/1909.jpg,50
train_images/1910.jpg,45
train_images/1911.jpg,32
train_images/1912.jpg,47
train_images/1913.jpg,32
train_images/1914.jpg,24
train_images/1915.jpg,29
train_images/1916.jpg,34
train_images/1917.jpg,27
train_images/1918.jpg,25
train_images/1919.jpg,38
train_images/1920.jpg,20
train_images/1921.jpg,44
train_images/1922.jpg,37
train_images/1923.jpg,20
train_images/1924.jpg,23
train_images/1925.jpg,27
train_images/1926.jpg,28
train_images/1927.jpg,48
train_images/1928.jpg,49
train_images/1929.jpg,26
train_images/1930.jpg,37
train_images/1931.jpg,35
train_images/1932.jpg,35
train_images/1933.jpg,26
train_images/1934.jpg,39
train_images/1935.jpg,47
train_images/1936.jpg,44
train_images/1937.jpg,41
train_images/1938.jpg,29
train_images/1939.jpg,24
train_images/1940.jpg,39
train_images/1941.jpg,22
train_images/1942.jpg,27
train_images/1943.jpg,46
train_images/1944.jpg,50
train_images/1945.jpg,25
train_images/1946.jpg,27
train_images/1947.jpg,50
train_images/1948.jpg,23
train_images/1949.jpg,35
train_images/1950.jpg,43
train_images/1951.jpg,50
train_images/1952.jpg,34
train_images/1953.jpg,21
train_images/1954.jpg,41
train_images/1955.jpg,47
train_images/1956.jpg,36
train_images/1957.jpg,33
train_images/1958.jpg,29
train_images/1959.jpg,29
train_images/1960.jpg,20
train_images/1961.jpg,20
train_images/1962.jpg,43
train_images/1963.jpg,35
train_images/1964.jpg,47
train_images/1965.jpg,20
train_images/1966.jpg,32
train_images/1967.jpg,34
train_images/1968.jpg,22
train_images/1969.jpg,28
train_images/1970.jpg,35
train_images/1971.jpg,50
train_images/1972.jpg,21
train_images/1973.jpg,24
train_images/1974.jpg,22
train_images/1975.jpg,31
train_images/1976.jpg,32
train_images/1977.jpg,44
train_images/1978.jpg,26
train_images/1979.jpg,25
train_images/1980.jpg,42
train_images/1981.jpg,38
train_images/1982.jpg,48
train_images/1983.jpg,43
train_images/1984.jpg,23
train_images/1985.jpg,32
train_images/1986.jpg,31
train_images/1987.jpg,27
train_images/1988.jpg,39
train_images/1989.jpg,22
train_images/1990.jpg,35
train_images/1991.jpg,36
train_images/1992.jpg,20
train_images/1993.jpg,47
train_images/1994.jpg,38
train_images/1995.jpg,42
train_images/1996.jpg,39
train_images/1997.jpg,50
train_images/1998.jpg,26
train_images/1999.jpg,47
train_images/2000.jpg,45
train_images/2001.jpg,45
train_images/2002.jpg,43
train_images/2003.jpg,31
train_images/2004.jpg,22
train_images/2005.jpg,44
train_images/2006.jpg,21
train_images/2007.jpg,21
train_images/2008.jpg,31
train_images/2009.jpg,44
train_images/2010.jpg,28
train_images/2011.jpg,44
train_images/2012.jpg,31
train_images/2013.jpg,35
train_images/2014.jpg,43
train_images/2015.jpg,34
train_images/2016.jpg,22
train_images/2017.jpg,36
train_images/2018.jpg,44
train_images/2019.jpg,49
train_images/2020.jpg,23
train_images/2021.jpg,37
train_images/2022.jpg,22
train_images/2023.jpg,37
train_images/2024.jpg,33
train_images/2025.jpg,35
train_images/2026.jpg,34
train_images/2027.jpg,34
train_images/2028.jpg,30
train_images/2029.jpg,36
train_images/2030.jpg,31
train_images/2031.jpg,22
train_images/2032.jpg,28
train_images/2033.jpg,24
train_images/2034.jpg,43
train_images/2035.jpg,46
train_images/2036.jpg,31
train_images/2037.jpg,44
train_images/2038.jpg,32
train_images/2039.jpg,38
train_images/2040.jpg,38
train_images/2041.jpg,27
train_images/2042.jpg,48
train_images/2043.jpg,35
train_images/2044.jpg,31
train_images/2045.jpg,33
train_images/2046.jpg,46
train_images/2047.jpg,43
train_images/2048.jpg,44
train_images/2049.jpg,47
train_images/2050.jpg,32
train_images/2051.jpg,32
train_images/2052.jpg,25
train_images/2053.jpg,20
train_images/2054.jpg,21
train_images/2055.jpg,38
train_images/2056.jpg,25
train_images/2057.jpg,26
train_images/2058.jpg,39
train_images/2059.jpg,42
train_images/2060.jpg,36
train_images/2061.jpg,41
train_images/2062.jpg,44
train_images/2063.jpg,39
train_images/2064.jpg,24
train_images/2065.jpg,20
train_images/2066.jpg,25
train_images/2067.jpg,23
train_images/2068.jpg,29
train_images/2069.jpg,21
train_images/2070.jpg,47
train_images/2071.jpg,25
train_images/2072.jpg,31
train_images/2073.jpg,22
train_images/2074.jpg,38
train_images/2075.jpg,36
train_images/2076.jpg,24
train_images/2077.jpg,49
train_images/2078.jpg,40
train_images/2079.jpg,20
train_images/2080.jpg,34
train_images/2081.jpg,31
train_images/2082.jpg,42
train_images/2083.jpg,31
train_images/2084.jpg,36
train_images/2085.jpg,46
train_images/2086.jpg,35
train_images/2087.jpg,24
train_images/2088.jpg,37
train_images/2089.jpg,42
train_images/2090.jpg,48
train_images/2091.jpg,44
train_images/2092.jpg,30
train_images/2093.jpg,37
train_images/2094.jpg,27
train_images/2095.jpg,38
train_images/2096.jpg,33
train_images/2097.jpg,25
train_images/2098.jpg,49
train_images/2099.jpg,32
train_images/2100.jpg,37
train_images/2101.jpg,22
train_images/2102.jpg,35
train_images/2103.jpg,21
train_images/2104.jpg,33
train_images/2105.jpg,45
train_images/2106.jpg,40
train_images/2107.jpg,41
train_images/2108.jpg,46
train_images/2109.jpg,41
train_images/2110.jpg,24
train_images/2111.jpg,48
train_images/2112.jpg,29
train_images/2113.jpg,21
train_images/2114.jpg,31
train_images/2115.jpg,37
train_images/2116.jpg,24
train_images/2117.jpg,44
train_images/2118.jpg,34
train_images/2119.jpg,26
train_images/2120.jpg,42
train_images/2121.jpg,28
train_images/2122.jpg,38
train_images/2123.jpg,21
train_images/2124.jpg,28
train_images/2125.jpg,45
train_images/2126.jpg,38
train_images/2127.jpg,21
train_images/2128.jpg,47
train_images/2129.jpg,46
train_images/2130.jpg,33
train_images/2131.jpg,20
train_images/2132.jpg,47
train_images/2133.jpg,31
train_images/2134.jpg,26
train_images/2135.jpg,49
train_images/2136.jpg,44
train_images/2137.jpg,40
train_images/2138.jpg,33
train_images/2139.jpg,29
train_images/2140.jpg,32
train_images/2141.jpg,44
train_images/2142.jpg,48
train_images/2143.jpg,21
train_images/2144.jpg,44
train_images/2145.jpg,50
train_images/2146.jpg,26
train_images/2147.jpg,34
train_images/2148.jpg,46
train_images/2149.jpg,49
train_images/2150.jpg,23
train_images/2151.jpg,41
train_images/2152.jpg,25
train_images/2153.jpg,43
train_images/2154.jpg,32
train_images/2155.jpg,21
train_images/2156.jpg,49
train_images/2157.jpg,21
train_images/2158.jpg,32
train_images/2159.jpg,36
train_images/2160.jpg,42
train_images/2161.jpg,29
train_images/2162.jpg,20
train_images/2163.jpg,34
train_images/2164.jpg,33
train_images/2165.jpg,20
train_images/2166.jpg,38
train_images/2167.jpg,41
train_images/2168.jpg,46
train_images/2169.jpg,20
train_images/2170.jpg,26
train_images/2171.jpg,27
train_images/2172.jpg,39
train_images/2173.jpg,43
train_images/2174.jpg,36
train_images/2175.jpg,23
train_images/2176.jpg,39
train_images/2177.jpg,26
train_images/2178.jpg,45
train_images/2179.jpg,41
train_images/2180.jpg,50
train_images/2181.jpg,30
train_images/2182.jpg,43
train_images/2183.jpg,50
train_images/2184.jpg,37
train_images/2185.jpg,32
train_images/2186.jpg,32
train_images/2187.jpg,21
train_images/2188.jpg,34
train_images/2189.jpg,37
train_images/2190.jpg,46
train_images/2191.jpg,25
train_images/2192.jpg,23
train_images/2193.jpg,44
train_images/2194.jpg,43
train_images/2195.jpg,31
train_images/2196.jpg,26
train_images/2197.jpg,30
train_images/2198.jpg,23
train_images/2199.jpg,34
train_images/2200.jpg,44
train_images/2201.jpg,49
train_images/2202.jpg,33
train_images/2203.jpg,28
train_images/2204.jpg,42
train_images/2205.jpg,46
train_images/2206.jpg,31
train_images/2207.jpg,36
train_images/2208.jpg,26
train_images/2209.jpg,32
train_images/2210.jpg,48
train_images/2211.jpg,44
train_images/2212.jpg,29
train_images/2213.jpg,35
train_images/2214.jpg,33
train_images/2215.jpg,38
train_images/2216.jpg,29
train_images/2217.jpg,40
train_images/2218.jpg,43
train_images/2219.jpg,28
train_images/2220.jpg,33
train_images/2221.jpg,44
train_images/2222.jpg,28
train_images/2223.jpg,44
train_images/2224.jpg,26
train_images/2225.jpg,46
train_images/2226.jpg,37
train_images/2227.jpg,33
train_images/2228.jpg,38
train_images/2229.jpg,37
train_images/2230.jpg,48
train_images/2231.jpg,21
train_images/2232.jpg,21
train_images/2233.jpg,37
train_images/2234.jpg,26
train_images/2235.jpg,50
train_images/2236.jpg,34
train_images/2237.jpg,25
train_images/2238.jpg,31
train_images/2239.jpg,44
train_images/2240.jpg,33
train_images/2241.jpg,41
train_images/2242.jpg,45
train_images/2243.jpg,32
train_images/2244.jpg,41
train_images/2245.jpg,26
train_images/2246.jpg,44
train_images/2247.jpg,30
train_images/2248.jpg,38
train_images/2249.jpg,34
train_images/2250.jpg,28
train_images/2251.jpg,47
train_images/2252.jpg,50
train_images/2253.jpg,41
train_images/2254.jpg,24
train_images/2255.jpg,50
train_images/2256.jpg,32
train_images/2257.jpg,39
train_images/2258.jpg,25
train_images/2259.jpg,29
train_images/2260.jpg,33
train_images/2261.jpg,33
train_images/2262.jpg,37
train_images/2263.jpg,25
train_images/2264.jpg,46
train_images/2265.jpg,20
train_images/2266.jpg,20
train_images/2267.jpg,24
train_images/2268.jpg,39
train_images/2269.jpg,28
train_images/2270.jpg,20
train_images/2271.jpg,20
train_images/2272.jpg,29
train_images/2273.jpg,35
train_images/2274.jpg,32
train_images/2275.jpg,41
train_images/2276.jpg,20
train_images/2277.jpg,48
train_images/2278.jpg,24
train_images/2279.jpg,21
train_images/2280.jpg,36
train_images/2281.jpg,20
train_images/2282.jpg,41
train_images/2283.jpg,48
train_images/2284.jpg,31
train_images/2285.jpg,35
train_images/2286.jpg,39
train_images/2287.jpg,43
train_images/2288.jpg,32
train_images/2289.jpg,40
train_images/2290.jpg,29
train_images/2291.jpg,23
train_images/2292.jpg,22
train_images/2293.jpg,50
train_images/2294.jpg,42
train_images/2295.jpg,25
train_images/2296.jpg,43
train_images/2297.jpg,41
train_images/2298.jpg,40
train_images/2299.jpg,28
train_images/2300.jpg,20
train_images/2301.jpg,32
train_images/2302.jpg,48
train_images/2303.jpg,50
train_images/2304.jpg,21
train_images/2305.jpg,29
train_images/2306.jpg,45
train_images/2307.jpg,27
train_images/2308.jpg,37
train_images/2309.jpg,20
train_images/2310.jpg,28
train_images/2311.jpg,30
train_images/2312.jpg,46
train_images/2313.jpg,22
train_images/2314.jpg,47
train_images/2315.jpg,41
train_images/2316.jpg,39
train_images/2317.jpg,50
train_images/2318.jpg,50
train_images/2319.jpg,32
train_images/2320.jpg,45
train_images/2321.jpg,30
train_images/2322.jpg,45
train_images/2323.jpg,32
train_images/2324.jpg,21
train_images/2325.jpg,24
train_images/2326.jpg,28
train_images/2327.jpg,48
train_images/2328.jpg,47
train_images/2329.jpg,41
train_images/2330.jpg,35
train_images/2331.jpg,32
train_images/2332.jpg,33
train_images/2333.jpg,35
train_images/2334.jpg,23
train_images/2335.jpg,32
train_images/2336.jpg,21
train_images/2337.jpg,21
train_images/2338.jpg,36
train_images/2339.jpg,30
train_images/2340.jpg,42
train_images/2341.jpg,37
train_images/2342.jpg,39
train_images/2343.jpg,45
train_images/2344.jpg,37
train_images/2345.jpg,31
train_images/2346.jpg,47
train_images/2347.jpg,34
train_images/2348.jpg,37
train_images/2349.jpg,49
train_images/2350.jpg,37
train_images/2351.jpg,30
train_images/2352.jpg,32
train_images/2353.jpg,31
train_images/2354.jpg,28
train_images/2355.jpg,32
train_images/2356.jpg,21
train_images/2357.jpg,37
train_images/2358.jpg,33
train_images/2359.jpg,31
train_images/2360.jpg,20
train_images/2361.jpg,21
train_images/2362.jpg,20
train_images/2363.jpg,29
train_images/2364.jpg,22
train_images/2365.jpg,40
train_images/2366.jpg,49
train_images/2367.jpg,28
train_images/2368.jpg,40
train_images/2369.jpg,39
train_images/2370.jpg,46
train_images/2371.jpg,35
train_images/2372.jpg,50
train_images/2373.jpg,43
train_images/2374.jpg,34
train_images/2375.jpg,46
train_images/2376.jpg,25
train_images/2377.jpg,30
train_images/2378.jpg,43
train_images/2379.jpg,25
train_images/2380.jpg,20
train_images/2381.jpg,21
train_images/2382.jpg,35
train_images/2383.jpg,20
train_images/2384.jpg,46
train_images/2385.jpg,20
train_images/2386.jpg,48
train_images/2387.jpg,22
train_images/2388.jpg,37
train_images/2389.jpg,33
train_images/2390.jpg,25
train_images/2391.jpg,21
train_images/2392.jpg,38
train_images/2393.jpg,20
train_images/2394.jpg,40
train_images/2395.jpg,24
train_images/2396.jpg,29
train_images/2397.jpg,33
train_images/2398.jpg,26
train_images/2399.jpg,23
train_images/2400.jpg,37
train_images/2401.jpg,38
train_images/2402.jpg,24
train_images/2403.jpg,25
train_images/2404.jpg,40
train_images/2405.jpg,38
train_images/2406.jpg,33
train_images/2407.jpg,41
train_images/2408.jpg,20
train_images/2409.jpg,49
train_images/2410.jpg,22
train_images/2411.jpg,29
train_images/2412.jpg,32
train_images/2413.jpg,41
train_images/2414.jpg,35
train_images/2415.jpg,30
train_images/2416.jpg,47
train_images/2417.jpg,22
train_images/2418.jpg,50
train_images/2419.jpg,24
train_images/2420.jpg,37
train_images/2421.jpg,28
train_images/2422.jpg,38
train_images/2423.jpg,25
train_images/2424.jpg,20
train_images/2425.jpg,43
train_images/2426.jpg,21
train_images/2427.jpg,49
train_images/2428.jpg,29
train_images/2429.jpg,24
train_images/2430.jpg,22
train_images/2431.jpg,27
train_images/2432.jpg,45
train_images/2433.jpg,20
train_images/2434.jpg,45
train_images/2435.jpg,30
train_images/2436.jpg,34
train_images/2437.jpg,44
train_images/2438.jpg,43
train_images/2439.jpg,27
train_images/2440.jpg,35
train_images/2441.jpg,42
train_images/2442.jpg,24
train_images/2443.jpg,28
train_images/2444.jpg,27
train_images/2445.jpg,21
train_images/2446.jpg,49
train_images/2447.jpg,37
train_images/2448.jpg,35
train_images/2449.jpg,25
train_images/2450.jpg,28
train_images/2451.jpg,22
train_images/2452.jpg,22
train_images/2453.jpg,23
train_images/2454.jpg,37
train_images/2455.jpg,46
train_images/2456.jpg,23
train_images/2457.jpg,32
train_images/2458.jpg,30
train_images/2459.jpg,44
train_images/2460.jpg,45
train_images/2461.jpg,24
train_images/2462.jpg,31
train_images/2463.jpg,28
train_images/2464.jpg,48
train_images/2465.jpg,27
train_images/2466.jpg,29
train_images/2467.jpg,28
train_images/2468.jpg,44
train_images/2469.jpg,24
train_images/2470.jpg,39
train_images/2471.jpg,34
train_images/2472.jpg,35
train_images/2473.jpg,27
train_images/2474.jpg,23
train_images/2475.jpg,39
train_images/2476.jpg,25
train_images/2477.jpg,43
train_images/2478.jpg,28
train_images/2479.jpg,31
train_images/2480.jpg,27
train_images/2481.jpg,20
train_images/2482.jpg,29
train_images/2483.jpg,29
train_images/2484.jpg,21
train_images/2485.jpg,36
train_images/2486.jpg,34
train_images/2487.jpg,41
train_images/2488.jpg,28
train_images/2489.jpg,31
train_images/2490.jpg,31
train_images/2491.jpg,31
train_images/2492.jpg,35
train_images/2493.jpg,49
train_images/2494.jpg,32
train_images/2495.jpg,28
train_images/2496.jpg,32
train_images/2497.jpg,30
train_images/2498.jpg,25
train_images/2499.jpg,35
train_images/2500.jpg,37
train_images/2501.jpg,47
train_images/2502.jpg,20
train_images/2503.jpg,43
train_images/2504.jpg,27
train_images/2505.jpg,38
train_images/2506.jpg,33
train_images/2507.jpg,29
train_images/2508.jpg,40
train_images/2509.jpg,39
train_images/2510.jpg,45
train_images/2511.jpg,22
train_images/2512.jpg,41
train_images/2513.jpg,20
train_images/2514.jpg,31
train_images/2515.jpg,31
train_images/2516.jpg,48
train_images/2517.jpg,24
train_images/2518.jpg,31
train_images/2519.jpg,42
train_images/2520.jpg,24
train_images/2521.jpg,31
train_images/2522.jpg,39
train_images/2523.jpg,40
train_images/2524.jpg,20
train_images/2525.jpg,24
train_images/2526.jpg,37
train_images/2527.jpg,45
train_images/2528.jpg,34
train_images/2529.jpg,30
train_images/2530.jpg,40
train_images/2531.jpg,32
train_images/2532.jpg,44
train_images/2533.jpg,45
train_images/2534.jpg,50
train_images/2535.jpg,47
train_images/2536.jpg,40
train_images/2537.jpg,30
train_images/2538.jpg,46
train_images/2539.jpg,41
train_images/2540.jpg,29
train_images/2541.jpg,41
train_images/2542.jpg,27
train_images/2543.jpg,26
train_images/2544.jpg,47
train_images/2545.jpg,28
train_images/2546.jpg,23
train_images/2547.jpg,39
train_images/2548.jpg,34
train_images/2549.jpg,38
train_images/2550.jpg,35
train_images/2551.jpg,21
train_images/2552.jpg,26
train_images/2553.jpg,28
train_images/2554.jpg,46
train_images/2555.jpg,37
train_images/2556.jpg,29
train_images/2557.jpg,23
train_images/2558.jpg,42
train_images/2559.jpg,37
train_images/2560.jpg,42
train_images/2561.jpg,50
train_images/2562.jpg,28
train_images/2563.jpg,29
train_images/2564.jpg,46
train_images/2565.jpg,32
train_images/2566.jpg,37
train_images/2567.jpg,42
train_images/2568.jpg,43
train_images/2569.jpg,29
train_images/2570.jpg,25
train_images/2571.jpg,26
train_images/2572.jpg,49
train_images/2573.jpg,21
train_images/2574.jpg,23
train_images/2575.jpg,42
train_images/2576.jpg,44
train_images/2577.jpg,31
train_images/2578.jpg,25
train_images/2579.jpg,27
train_images/2580.jpg,42
train_images/2581.jpg,37
train_images/2582.jpg,22
train_images/2583.jpg,21
train_images/2584.jpg,34
train_images/2585.jpg,35
train_images/2586.jpg,44
train_images/2587.jpg,45
train_images/2588.jpg,31
train_images/2589.jpg,48
train_images/2590.jpg,20
train_images/2591.jpg,42
train_images/2592.jpg,22
train_images/2593.jpg,39
train_images/2594.jpg,49
train_images/2595.jpg,46
train_images/2596.jpg,33
train_images/2597.jpg,47
train_images/2598.jpg,26
train_images/2599.jpg,43
train_images/2600.jpg,21
train_images/2601.jpg,43
train_images/2602.jpg,38
train_images/2603.jpg,35
train_images/2604.jpg,31
train_images/2605.jpg,36
train_images/2606.jpg,37
train_images/2607.jpg,20
train_images/2608.jpg,20
train_images/2609.jpg,40
train_images/2610.jpg,32
train_images/2611.jpg,34
train_images/2612.jpg,47
train_images/2613.jpg,39
train_images/2614.jpg,21
train_images/2615.jpg,28
train_images/2616.jpg,22
train_images/2617.jpg,30
train_images/2618.jpg,21
train_images/2619.jpg,22
train_images/2620.jpg,39
train_images/2621.jpg,27
train_images/2622.jpg,49
train_images/2623.jpg,23
train_images/2624.jpg,27
train_images/2625.jpg,38
train_images/2626.jpg,41
train_images/2627.jpg,24
train_images/2628.jpg,21
train_images/2629.jpg,30
train_images/2630.jpg,33
train_images/2631.jpg,40
train_images/2632.jpg,42
train_images/2633.jpg,46
train_images/2634.jpg,46
train_images/2635.jpg,23
train_images/2636.jpg,40
train_images/2637.jpg,42
train_images/2638.jpg,35
train_images/2639.jpg,40
train_images/2640.jpg,43
train_images/2641.jpg,50
train_images/2642.jpg,26
train_images/2643.jpg,41
train_images/2644.jpg,46
train_images/2645.jpg,20
train_images/2646.jpg,45
train_images/2647.jpg,47
train_images/2648.jpg,21
train_images/2649.jpg,47
train_images/2650.jpg,23
train_images/2651.jpg,24
train_images/2652.jpg,44
train_images/2653.jpg,23
train_images/2654.jpg,49
train_images/2655.jpg,20
train_images/2656.jpg,32
train_images/2657.jpg,39
train_images/2658.jpg,22
train_images/2659.jpg,21
train_images/2660.jpg,50
train_images/2661.jpg,30
train_images/2662.jpg,20
train_images/2663.jpg,45
train_images/2664.jpg,41
train_images/2665.jpg,28
train_images/2666.jpg,32
train_images/2667.jpg,41
train_images/2668.jpg,28
train_images/2669.jpg,31
train_images/2670.jpg,36
train_images/2671.jpg,29
train_images/2672.jpg,43
train_images/2673.jpg,30
train_images/2674.jpg,28
train_images/2675.jpg,38
train_images/2676.jpg,38
train_images/2677.jpg,32
train_images/2678.jpg,27
train_images/2679.jpg,45
train_images/2680.jpg,20
train_images/2681.jpg,24
train_images/2682.jpg,31
train_images/2683.jpg,48
train_images/2684.jpg,33
train_images/2685.jpg,22
train_images/2686.jpg,30
train_images/2687.jpg,39
train_images/2688.jpg,28
train_images/2689.jpg,33
train_images/2690.jpg,32
train_images/2691.jpg,34
train_images/2692.jpg,31
train_images/2693.jpg,32
train_images/2694.jpg,47
train_images/2695.jpg,45
train_images/2696.jpg,50
train_images/2697.jpg,32
train_images/2698.jpg,20
train_images/2699.jpg,31
train_images/2700.jpg,33
train_images/2701.jpg,44
train_images/2702.jpg,39
train_images/2703.jpg,49
train_images/2704.jpg,20
train_images/2705.jpg,25
train_images/2706.jpg,33
train_images/2707.jpg,33
train_images/2708.jpg,35
train_images/2709.jpg,31
train_images/2710.jpg,44
train_images/2711.jpg,34
train_images/2712.jpg,48
train_images/2713.jpg,37
train_images/2714.jpg,38
train_images/2715.jpg,36
train_images/2716.jpg,46
train_images/2717.jpg,32
train_images/2718.jpg,42
train_images/2719.jpg,41
train_images/2720.jpg,27
train_images/2721.jpg,32
train_images/2722.jpg,30
train_images/2723.jpg,21
train_images/2724.jpg,21
train_images/2725.jpg,46
train_images/2726.jpg,47
train_images/2727.jpg,37
train_images/2728.jpg,29
train_images/2729.jpg,23
train_images/2730.jpg,45
train_images/2731.jpg,31
train_images/2732.jpg,44
train_images/2733.jpg,31
train_images/2734.jpg,31
train_images/2735.jpg,40
train_images/2736.jpg,20
train_images/2737.jpg,25
train_images/2738.jpg,31
train_images/2739.jpg,42
train_images/2740.jpg,21
train_images/2741.jpg,24
train_images/2742.jpg,27
train_images/2743.jpg,29
train_images/2744.jpg,46
train_images/2745.jpg,33
train_images/2746.jpg,32
train_images/2747.jpg,36
train_images/2748.jpg,44
train_images/2749.jpg,36
train_images/2750.jpg,28
train_images/2751.jpg,20
train_images/2752.jpg,28
train_images/2753.jpg,27
train_images/2754.jpg,39
train_images/2755.jpg,32
train_images/2756.jpg,44
train_images/2757.jpg,46
train_images/2758.jpg,34
train_images/2759.jpg,38
train_images/2760.jpg,44
train_images/2761.jpg,38
train_images/2762.jpg,36
train_images/2763.jpg,39
train_images/2764.jpg,21
train_images/2765.jpg,31
train_images/2766.jpg,33
train_images/2767.jpg,48
train_images/2768.jpg,23
train_images/2769.jpg,22
train_images/2770.jpg,35
train_images/2771.jpg,50
train_images/2772.jpg,30
train_images/2773.jpg,23
train_images/2774.jpg,45
train_images/2775.jpg,35
train_images/2776.jpg,33
train_images/2777.jpg,45
train_images/2778.jpg,24
train_images/2779.jpg,25
train_images/2780.jpg,27
train_images/2781.jpg,42
train_images/2782.jpg,36
train_images/2783.jpg,21
train_images/2784.jpg,23
train_images/2785.jpg,35
train_images/2786.jpg,22
train_images/2787.jpg,23
train_images/2788.jpg,28
train_images/2789.jpg,31
train_images/2790.jpg,44
train_images/2791.jpg,34
train_images/2792.jpg,35
train_images/2793.jpg,22
train_images/2794.jpg,22
train_images/2795.jpg,37
train_images/2796.jpg,39
train_images/2797.jpg,36
train_images/2798.jpg,29
train_images/2799.jpg,33
train_images/2800.jpg,35
train_images/2801.jpg,42
train_images/2802.jpg,41
train_images/2803.jpg,22
train_images/2804.jpg,20
train_images/2805.jpg,36
train_images/2806.jpg,34
train_images/2807.jpg,46
train_images/2808.jpg,27
train_images/2809.jpg,20
train_images/2810.jpg,21
train_images/2811.jpg,22
train_images/2812.jpg,27
train_images/2813.jpg,45
train_images/2814.jpg,46
train_images/2815.jpg,22
train_images/2816.jpg,24
train_images/2817.jpg,38
train_images/2818.jpg,24
train_images/2819.jpg,28
train_images/2820.jpg,31
train_images/2821.jpg,44
train_images/2822.jpg,48
train_images/2823.jpg,26
train_images/2824.jpg,41
train_images/2825.jpg,43
train_images/2826.jpg,40
train_images/2827.jpg,50
train_images/2828.jpg,50
train_images/2829.jpg,50
train_images/2830.jpg,30
train_images/2831.jpg,45
train_images/2832.jpg,29
train_images/2833.jpg,30
train_images/2834.jpg,23
train_images/2835.jpg,31
train_images/2836.jpg,22
train_images/2837.jpg,50
train_images/2838.jpg,41
train_images/2839.jpg,41
train_images/2840.jpg,34
train_images/2841.jpg,27
train_images/2842.jpg,45
train_images/2843.jpg,22
train_images/2844.jpg,41
train_images/2845.jpg,27
train_images/2846.jpg,40
train_images/2847.jpg,44
train_images/2848.jpg,29
train_images/2849.jpg,33
train_images/2850.jpg,26
train_images/2851.jpg,42
train_images/2852.jpg,24
train_images/2853.jpg,44
train_images/2854.jpg,28
train_images/2855.jpg,34
train_images/2856.jpg,40
train_images/2857.jpg,40
train_images/2858.jpg,39
train_images/2859.jpg,39
train_images/2860.jpg,44
train_images/2861.jpg,45
train_images/2862.jpg,44
train_images/2863.jpg,36
train_images/2864.jpg,22
train_images/2865.jpg,23
train_images/2866.jpg,29
train_images/2867.jpg,32
train_images/2868.jpg,50
train_images/2869.jpg,30
train_images/2870.jpg,20
train_images/2871.jpg,33
train_images/2872.jpg,40
train_images/2873.jpg,28
train_images/2874.jpg,42
train_images/2875.jpg,43
train_images/2876.jpg,36
train_images/2877.jpg,33
train_images/2878.jpg,31
train_images/2879.jpg,47
train_images/2880.jpg,33
train_images/2881.jpg,44
train_images/2882.jpg,45
train_images/2883.jpg,43
train_images/2884.jpg,28
train_images/2885.jpg,48
train_images/2886.jpg,27
train_images/2887.jpg,40
train_images/2888.jpg,47
train_images/2889.jpg,29
train_images/2890.jpg,41
train_images/2891.jpg,49
train_images/2892.jpg,33
train_images/2893.jpg,43
train_images/2894.jpg,42
train_images/2895.jpg,21
train_images/2896.jpg,35
train_images/2897.jpg,33
train_images/2898.jpg,24
train_images/2899.jpg,47
train_images/2900.jpg,24
train_images/2901.jpg,20
train_images/2902.jpg,29
train_images/2903.jpg,32
train_images/2904.jpg,45
train_images/2905.jpg,21
train_images/2906.jpg,49
train_images/2907.jpg,30
train_images/2908.jpg,32
train_images/2909.jpg,38
train_images/2910.jpg,36
train_images/2911.jpg,40
train_images/2912.jpg,26
train_images/2913.jpg,46
train_images/2914.jpg,42
train_images/2915.jpg,39
train_images/2916.jpg,28
train_images/2917.jpg,47
train_images/2918.jpg,29
train_images/2919.jpg,32
train_images/2920.jpg,27
train_images/2921.jpg,25
train_images/2922.jpg,47
train_images/2923.jpg,30
train_images/2924.jpg,38
train_images/2925.jpg,24
train_images/2926.jpg,21
train_images/2927.jpg,20
train_images/2928.jpg,41
train_images/2929.jpg,50
train_images/2930.jpg,23
train_images/2931.jpg,25
train_images/2932.jpg,28
train_images/2933.jpg,37
train_images/2934.jpg,28
train_images/2935.jpg,26
train_images/2936.jpg,26
train_images/2937.jpg,29
train_images/2938.jpg,20
train_images/2939.jpg,41
train_images/2940.jpg,47
train_images/2941.jpg,48
train_images/2942.jpg,36
train_images/2943.jpg,21
train_images/2944.jpg,34
train_images/2945.jpg,43
train_images/2946.jpg,20
train_images/2947.jpg,50
train_images/2948.jpg,41
train_images/2949.jpg,42
train_images/2950.jpg,45
train_images/2951.jpg,35
train_images/2952.jpg,27
train_images/2953.jpg,32
train_images/2954.jpg,33
train_images/2955.jpg,22
train_images/2956.jpg,36
train_images/2957.jpg,45
train_images/2958.jpg,35
train_images/2959.jpg,26
train_images/2960.jpg,35
train_images/2961.jpg,43
train_images/2962.jpg,37
train_images/2963.jpg,31
train_images/2964.jpg,25
train_images/2965.jpg,22
train_images/2966.jpg,46
train_images/2967.jpg,38
train_images/2968.jpg,39
train_images/2969.jpg,36
train_images/2970.jpg,41
train_images/2971.jpg,48
train_images/2972.jpg,34
train_images/2973.jpg,22
train_images/2974.jpg,33
train_images/2975.jpg,33
train_images/2976.jpg,48
train_images/2977.jpg,26
train_images/2978.jpg,21
train_images/2979.jpg,21
train_images/2980.jpg,38
train_images/2981.jpg,46
train_images/2982.jpg,26
train_images/2983.jpg,38
train_images/2984.jpg,46
train_images/2985.jpg,38
train_images/2986.jpg,38
train_images/2987.jpg,30
train_images/2988.jpg,34
train_images/2989.jpg,39
train_images/2990.jpg,31
train_images/2991.jpg,44
train_images/2992.jpg,36
train_images/2993.jpg,46
train_images/2994.jpg,22
train_images/2995.jpg,31
train_images/2996.jpg,30
train_images/2997.jpg,28
train_images/2998.jpg,33
train_images/2999.jpg,29
